Id;Fecha Inicio;Nombre Producto;Precio inicial;Precio final;Precio Venta;Codigo;Categoria;Disponible;Total Ventas
459b05f3cb7f1cba0a36fdc042ff0056;22/03/2019 17:10;In Style Eyes Cateye Two Tone Reading Glasses;19.99;15.99;Rebajado;966478243;Health|Home Health Care|Daily Living Aids;TRUE;306
6a1bddc2801cbba539be0c182498d4dd;22/03/2019 17:10;In Style Eyes Cateye Two Tone Reading Glasses;19.99;15.99;Rebajado;966478242;Health|Home Health Care|Daily Living Aids;TRUE;348
4d237340ae8361b4bb4f51e8a6128c8b;22/03/2019 17:10;In Style Eyes Cateye Two Tone Reading Glasses;19.99;15.99;Rebajado;966478244;Health|Home Health Care|Daily Living Aids;TRUE;321
d6dbc29d5782a88db9082d81ad04089c;22/03/2019 17:10;In Style Eyes Cateye Two Tone Reading Glasses;19.99;15.99;Rebajado;966478244;Health|Home Health Care|Daily Living Aids;TRUE;172
9e51356d763e53dc622c92e3b86f9ef8;22/03/2019 17:10;In Style Eyes Cateye Two Tone Reading Glasses;39.96;39.96;PrecioInicial;891000000;Health|Home Health Care|Daily Living Aids;FALSE;54
60a82e436e09d9e72d66457d0c0e1758;22/03/2019 18:11;In Style Eyes Cateye Two Tone Reading Glasses;19.54;20.52;AumentaPrecio;696000000;Beauty|Skin Care|Face Masks;FALSE;219
7ca0a58d3e8538acac5084765e93626f;22/03/2019 17:27;Replacement for LIONEL TOY TRAIN 671-75 replacement light bulb lamp;32.51;34.14;AumentaPrecio;617000000;Household Essentials|Light Bulbs|All Light Bulbs;TRUE;343
2c4a607ab9dae7ede8a499c6c7347ae3;22/03/2019 18:29;American Foxhound Christmas Sticky Note Holder BB8433SN;10.59;9;Rebajado;639000000;Office|Notebooks & Pads|Sticky Notes;TRUE;53
7633b31b85e976bfc56eca208f0ec544;22/03/2019 18:34;Classique 766 Post Mastectomy Fashion Bra-Beige/Skin-38D;56;56;PrecioInicial;736000000;Clothing|Women|Womens Lingerie & Shapewear|Womens Bras|Bras;TRUE;44
4abf89e6f9a0167e3aad203ec508623d;22/03/2019 17:40;Maybelline Fit Me! Blush  #306 Deep Coral (Pack of 4) + FREE Eyebrow Trimmer;13.99;13.99;PrecioInicial;660000000;Beauty|Beauty by Top Brands|Maybelline New York|Maybelline Face Makeup;TRUE;414
9121d4fcbc4323c095a41776d232b72a;22/03/2019 18:28;Replacement for PORSCHE 928 YEAR 1993 FRONT SIDE MARKER LIGHT 10 PACK replacement light bulb lamp;51.9;59.69;AumentaPrecio;796000000;Household Essentials|Light Bulbs|All Light Bulbs;TRUE;133
2d075bd6ead8a7f5b76d8b017e768c10;22/03/2019 17:08;Replacement for ORBITEC H14579WFLI12V20WGU53 replacement light bulb lamp;32.5;35.75;AumentaPrecio;709000000;Household Essentials|Light Bulbs|All Light Bulbs;TRUE;233
6972bb3b5bf3e5dfd6488fa28269b269;22/03/2019 17:54;Business Essentials 8' x 8' x 5' Corrugated Mailers  12-Pack;40.3;34.26;Rebajado;638000000;Office|Shipping & Moving|Moving Boxes & Kits|Packing & Shipping Boxes;TRUE;109
583adcc13a07706399159e93d7fe24ce;22/03/2019 17:54;Business Essentials 8' x 8' x 5' Corrugated Mailers  12-Pack;65.86;55.98;Rebajado;638000000;Office|Shipping & Moving|Moving Boxes & Kits|Packing & Shipping Boxes;FALSE;341
46f066e6b5cdaee8c8feddaab9884dc0;22/03/2019 17:54;Business Essentials 8' x 8' x 5' Corrugated Mailers  12-Pack;41.69;35.44;Rebajado;638000000;Office|Shipping & Moving|Moving Boxes & Kits|Packing & Shipping Boxes;TRUE;233
2b7fb91676be9313528c574a2197dd32;22/03/2019 17:54;Business Essentials 8' x 8' x 5' Corrugated Mailers  12-Pack;23.34;19.84;Rebajado;638000000;Office|Shipping & Moving|Moving Boxes & Kits|Packing & Shipping Boxes;FALSE;142
f7905cec1a9fbb2b9ac0eeeb0ba1dae1;22/03/2019 17:54;Business Essentials 8' x 8' x 5' Corrugated Mailers  12-Pack;32.21;27.38;Rebajado;638000000;Office|Shipping & Moving|Moving Boxes & Kits|Packing & Shipping Boxes;TRUE;465
a6856295a09e98aa8cea9b19cf4eec1d;22/03/2019 17:54;Business Essentials 8' x 8' x 5' Corrugated Mailers  12-Pack;72.71;61.8;Rebajado;638000000;Office|Shipping & Moving|Moving Boxes & Kits|Packing & Shipping Boxes;TRUE;259
6085171a07a69ae038497e2e1098a0f4;22/03/2019 17:54;Business Essentials 8' x 8' x 5' Corrugated Mailers  12-Pack;56.09;47.68;Rebajado;638000000;Office|Shipping & Moving|Moving Boxes & Kits|Packing & Shipping Boxes;FALSE;52
97651442700af1da3ad76cfeaf56eb9f;22/03/2019 17:54;Business Essentials 8' x 8' x 5' Corrugated Mailers  12-Pack;34.94;29.7;Rebajado;638000000;Office|Shipping & Moving|Moving Boxes & Kits|Packing & Shipping Boxes;FALSE;20
602e1b2395c8461df6aba2e77dcaacea;22/03/2019 17:54;Business Essentials 8' x 8' x 5' Corrugated Mailers  12-Pack;49.63;42.19;Rebajado;638000000;Office|Shipping & Moving|Moving Boxes & Kits|Packing & Shipping Boxes;FALSE;305
4edc52f3a0afb537122aae492866e873;22/03/2019 17:54;Business Essentials 8' x 8' x 5' Corrugated Mailers  12-Pack;53.06;45.1;Rebajado;638000000;Office|Shipping & Moving|Moving Boxes & Kits|Packing & Shipping Boxes;TRUE;369
3bc045bdcf5464ad3db91490538c561a;22/03/2019 17:54;Business Essentials 8' x 8' x 5' Corrugated Mailers  12-Pack;57.25;48.66;Rebajado;638000000;Office|Shipping & Moving|Moving Boxes & Kits|Packing & Shipping Boxes;FALSE;170
e724d6c7b7f2ee91a0b2cec035becfca;22/03/2019 17:54;Business Essentials 8' x 8' x 5' Corrugated Mailers  12-Pack;39.71;33.75;Rebajado;638000000;Office|Shipping & Moving|Moving Boxes & Kits|Packing & Shipping Boxes;FALSE;242
c9a4ad9ceb347057809177aecf991c4b;22/03/2019 17:54;Business Essentials 8' x 8' x 5' Corrugated Mailers  12-Pack;33.55;28.52;Rebajado;638000000;Office|Shipping & Moving|Moving Boxes & Kits|Packing & Shipping Boxes;TRUE;370
9cfd6ee93f21af57cf5abc1d1713d1f3;22/03/2019 17:54;Business Essentials 8' x 8' x 5' Corrugated Mailers  12-Pack;36.36;30.91;Rebajado;638000000;Office|Shipping & Moving|Moving Boxes & Kits|Packing & Shipping Boxes;FALSE;228
86eb66ea8d0a233fd2bddf66157b8043;22/03/2019 17:54;Business Essentials 8' x 8' x 5' Corrugated Mailers  12-Pack;32.65;27.75;Rebajado;638000000;Office|Shipping & Moving|Moving Boxes & Kits|Packing & Shipping Boxes;TRUE;412
c67ba6eb26962a6b2d5bb3b0010dddb5;22/03/2019 17:54;Business Essentials 8' x 8' x 5' Corrugated Mailers  12-Pack;57.07;48.51;Rebajado;638000000;Office|Shipping & Moving|Moving Boxes & Kits|Packing & Shipping Boxes;TRUE;126
a5efc586950fe4ca48913900cd4a2fe5;22/03/2019 17:54;Business Essentials 8' x 8' x 5' Corrugated Mailers  12-Pack;43.84;37.26;Rebajado;638000000;Office|Shipping & Moving|Moving Boxes & Kits|Packing & Shipping Boxes;TRUE;50
7977fcdc7b46587ded9168450a6448df;22/03/2019 17:54;Business Essentials 8' x 8' x 5' Corrugated Mailers  12-Pack;21.18;18;Rebajado;638000000;Office|Shipping & Moving|Moving Boxes & Kits|Packing & Shipping Boxes;TRUE;6
f29cbb319a9a11ed886da21cd0bdd6ea;22/03/2019 17:54;Business Essentials 8' x 8' x 5' Corrugated Mailers  12-Pack;61.6;52.36;Rebajado;638000000;Office|Shipping & Moving|Moving Boxes & Kits|Packing & Shipping Boxes;FALSE;118
6f0b192ad29d84b8d1f309eb7a845d28;22/03/2019 17:54;Business Essentials 8' x 8' x 5' Corrugated Mailers  12-Pack;49.21;41.83;Rebajado;638000000;Office|Shipping & Moving|Moving Boxes & Kits|Packing & Shipping Boxes;TRUE;346
610e139e57abbbfb9d665c045f37eb6f;22/03/2019 17:54;Business Essentials 8' x 8' x 5' Corrugated Mailers  12-Pack;10.6;09.01;Rebajado;638000000;Office|Shipping & Moving|Moving Boxes & Kits|Packing & Shipping Boxes;TRUE;120
294c8003440120c1003bd70484d2d722;22/03/2019 17:54;Business Essentials 8' x 8' x 5' Corrugated Mailers  12-Pack;30.94;26.3;Rebajado;638000000;Office|Shipping & Moving|Moving Boxes & Kits|Packing & Shipping Boxes;TRUE;297
74d3090522f70f52f05c3aba0b989bd3;22/03/2019 17:54;Business Essentials 8' x 8' x 5' Corrugated Mailers  12-Pack;74.53;63.35;Rebajado;638000000;Office|Shipping & Moving|Moving Boxes & Kits|Packing & Shipping Boxes;FALSE;328
240d7840509912d7fd31fc7aed8a103c;22/03/2019 17:54;Business Essentials 8' x 8' x 5' Corrugated Mailers  12-Pack;44.59;37.9;Rebajado;638000000;Office|Shipping & Moving|Moving Boxes & Kits|Packing & Shipping Boxes;TRUE;311
3f9202c699b347f86366ec43facc1d46;22/03/2019 17:54;Business Essentials 8' x 8' x 5' Corrugated Mailers  12-Pack;65.09;55.33;Rebajado;638000000;Office|Shipping & Moving|Moving Boxes & Kits|Packing & Shipping Boxes;TRUE;132
20f3471bdd794ad5251f88455bffdbd4;22/03/2019 17:54;Business Essentials 8' x 8' x 5' Corrugated Mailers  12-Pack;40.5;34.43;Rebajado;638000000;Office|Shipping & Moving|Moving Boxes & Kits|Packing & Shipping Boxes;TRUE;319
18dfc62a4eaa5d464c9ec09e13044fbe;22/03/2019 17:54;Business Essentials 8' x 8' x 5' Corrugated Mailers  12-Pack;41.69;35.44;Rebajado;638000000;Office|Shipping & Moving|Moving Boxes & Kits|Packing & Shipping Boxes;FALSE;467
505427a8f9ba23a1d5a93fe065d24428;22/03/2019 17:54;Business Essentials 8' x 8' x 5' Corrugated Mailers  12-Pack;47.45;40.33;Rebajado;638000000;Office|Shipping & Moving|Moving Boxes & Kits|Packing & Shipping Boxes;TRUE;266
13a5eff0f3313a58460af43df74084dd;22/03/2019 17:54;Business Essentials 8' x 8' x 5' Corrugated Mailers  12-Pack;48;40.8;Rebajado;638000000;Office|Shipping & Moving|Moving Boxes & Kits|Packing & Shipping Boxes;FALSE;369
ed44a47713bb486539d2674e530bf546;22/03/2019 17:54;Business Essentials 8' x 8' x 5' Corrugated Mailers  12-Pack;39.79;33.82;Rebajado;638000000;Office|Shipping & Moving|Moving Boxes & Kits|Packing & Shipping Boxes;TRUE;424
ac2ca61f936391fc1b01d5ea70a706dc;22/03/2019 17:54;Business Essentials 8' x 8' x 5' Corrugated Mailers  12-Pack;28.34;24.09;Rebajado;638000000;Office|Shipping & Moving|Moving Boxes & Kits|Packing & Shipping Boxes;TRUE;229
256c0ebf21ed7e5c6b2be5ba1c1449fd;22/03/2019 17:54;Business Essentials 8' x 8' x 5' Corrugated Mailers  12-Pack;30.01;25.51;Rebajado;638000000;Office|Shipping & Moving|Moving Boxes & Kits|Packing & Shipping Boxes;TRUE;261
ce98d775dc18e4c025d6d12bd7c85eb3;22/03/2019 17:54;Business Essentials 8' x 8' x 5' Corrugated Mailers  12-Pack;93.52;79.49;Rebajado;638000000;Office|Shipping & Moving|Moving Boxes & Kits|Packing & Shipping Boxes;FALSE;50
137bb9704b0d4e828cd01609ffe65921;22/03/2019 17:54;Business Essentials 8' x 8' x 5' Corrugated Mailers  12-Pack;57.61;48.97;Rebajado;638000000;Office|Shipping & Moving|Moving Boxes & Kits|Packing & Shipping Boxes;FALSE;144
e27d54397f6a284edea8400b05f12cd6;22/03/2019 17:54;Business Essentials 8' x 8' x 5' Corrugated Mailers  12-Pack;46.78;39.76;Rebajado;638000000;Office|Shipping & Moving|Moving Boxes & Kits|Packing & Shipping Boxes;FALSE;201
e957bcd0a58e813a6000f104c6d8b9f3;22/03/2019 17:54;Business Essentials 8' x 8' x 5' Corrugated Mailers  12-Pack;45.38;38.57;Rebajado;638000000;Office|Shipping & Moving|Moving Boxes & Kits|Packing & Shipping Boxes;FALSE;74
1d2412aaa30889d22a7d1ede42beca9e;22/03/2019 17:54;Business Essentials 8' x 8' x 5' Corrugated Mailers  12-Pack;38.2;32.47;Rebajado;638000000;Office|Shipping & Moving|Moving Boxes & Kits|Packing & Shipping Boxes;FALSE;406
6fcc1810fb01f51858a42e3113a579b3;22/03/2019 17:54;Business Essentials 8' x 8' x 5' Corrugated Mailers  12-Pack;60.72;51.61;Rebajado;638000000;Office|Shipping & Moving|Moving Boxes & Kits|Packing & Shipping Boxes;FALSE;211
7ec7e4d00b0cdff8ed760addf4dd9ab4;22/03/2019 17:54;Business Essentials 8' x 8' x 5' Corrugated Mailers  12-Pack;26.96;22.92;Rebajado;638000000;Office|Shipping & Moving|Moving Boxes & Kits|Packing & Shipping Boxes;TRUE;293
b035adbaefb32db394843ba1d1260c5a;22/03/2019 17:54;Business Essentials 8' x 8' x 5' Corrugated Mailers  12-Pack;53.75;45.69;Rebajado;638000000;Office|Shipping & Moving|Moving Boxes & Kits|Packing & Shipping Boxes;FALSE;226
6ed952ec575f12e965e2f983850b0c3e;22/03/2019 17:54;Business Essentials 8' x 8' x 5' Corrugated Mailers  12-Pack;60.91;51.77;Rebajado;638000000;Office|Shipping & Moving|Moving Boxes & Kits|Packing & Shipping Boxes;TRUE;123
52e34ea788d9e342f9ba282f88a9933c;22/03/2019 17:54;Business Essentials 8' x 8' x 5' Corrugated Mailers  12-Pack;28.45;24.18;Rebajado;638000000;Office|Shipping & Moving|Moving Boxes & Kits|Packing & Shipping Boxes;TRUE;473
fe8f5f89fe6c58304d5aa8272d4e4ad7;22/03/2019 17:54;Business Essentials 8' x 8' x 5' Corrugated Mailers  12-Pack;31.4;26.69;Rebajado;638000000;Office|Shipping & Moving|Moving Boxes & Kits|Packing & Shipping Boxes;TRUE;247
e6a95ce324f1e8307ee25f5d93eec539;22/03/2019 17:54;Business Essentials 8' x 8' x 5' Corrugated Mailers  12-Pack;33.56;28.53;Rebajado;638000000;Office|Shipping & Moving|Moving Boxes & Kits|Packing & Shipping Boxes;TRUE;422
6171a22bd98701d33702094b011fedb5;22/03/2019 17:54;Business Essentials 8' x 8' x 5' Corrugated Mailers  12-Pack;31.21;26.53;Rebajado;638000000;Office|Shipping & Moving|Moving Boxes & Kits|Packing & Shipping Boxes;FALSE;397
1ddc1689e91c414975ad29a5354d3321;22/03/2019 17:54;Business Essentials 8' x 8' x 5' Corrugated Mailers  12-Pack;45.34;38.54;Rebajado;638000000;Office|Shipping & Moving|Moving Boxes & Kits|Packing & Shipping Boxes;TRUE;291
ee7d27687e02d633fabcf89b2f6dd2cb;22/03/2019 17:54;Business Essentials 8' x 8' x 5' Corrugated Mailers  12-Pack;31.16;26.49;Rebajado;638000000;Office|Shipping & Moving|Moving Boxes & Kits|Packing & Shipping Boxes;TRUE;143
5631463b4680172fa40f92048d71dd6d;22/03/2019 17:54;Business Essentials 8' x 8' x 5' Corrugated Mailers  12-Pack;9.66;8.21;Rebajado;638000000;Office|Shipping & Moving|Moving Boxes & Kits|Packing & Shipping Boxes;TRUE;170
4d262acdab9767ffd23b017eafe1b599;22/03/2019 17:54;Business Essentials 8' x 8' x 5' Corrugated Mailers  12-Pack;9.85;8.37;Rebajado;638000000;Office|Shipping & Moving|Moving Boxes & Kits|Packing & Shipping Boxes;TRUE;199
ef639324a782012765f5ddece1908636;22/03/2019 17:54;Business Essentials 8' x 8' x 5' Corrugated Mailers  12-Pack;37.33;31.73;Rebajado;638000000;Office|Shipping & Moving|Moving Boxes & Kits|Packing & Shipping Boxes;TRUE;30
8400e0841f5acf930bfa33e852f71333;22/03/2019 17:54;Business Essentials 8' x 8' x 5' Corrugated Mailers  12-Pack;47.05;39.99;Rebajado;638000000;Office|Shipping & Moving|Moving Boxes & Kits|Packing & Shipping Boxes;TRUE;163
e3bd43cb12b1cd18e48b7adc275a0b4e;22/03/2019 17:54;Business Essentials 8' x 8' x 5' Corrugated Mailers  12-Pack;34.6;29.41;Rebajado;638000000;Office|Shipping & Moving|Moving Boxes & Kits|Packing & Shipping Boxes;TRUE;319
19445ea50194df679e37d84f7fac64ae;22/03/2019 17:54;Business Essentials 8' x 8' x 5' Corrugated Mailers  12-Pack;66.66;56.66;Rebajado;638000000;Office|Shipping & Moving|Moving Boxes & Kits|Packing & Shipping Boxes;FALSE;420
837abb93931a94b85f435edf470beea7;22/03/2019 17:54;Business Essentials 8' x 8' x 5' Corrugated Mailers  12-Pack;29.42;25.01;Rebajado;638000000;Office|Shipping & Moving|Moving Boxes & Kits|Packing & Shipping Boxes;TRUE;215
bb5d3d263de2b7baf398f53cd590cc6b;22/03/2019 17:54;Business Essentials 8' x 8' x 5' Corrugated Mailers  12-Pack;39.22;33.34;Rebajado;638000000;Office|Shipping & Moving|Moving Boxes & Kits|Packing & Shipping Boxes;TRUE;264
0d57485f4fc37c106282a67e67cb86d6;22/03/2019 17:54;Business Essentials 8' x 8' x 5' Corrugated Mailers  12-Pack;35.8;30.43;Rebajado;638000000;Office|Shipping & Moving|Moving Boxes & Kits|Packing & Shipping Boxes;TRUE;118
e31d415166066b6397a2b1af3f1f2607;22/03/2019 17:54;Business Essentials 8' x 8' x 5' Corrugated Mailers  12-Pack;39.17;33.29;Rebajado;638000000;Office|Shipping & Moving|Moving Boxes & Kits|Packing & Shipping Boxes;TRUE;314
9e9db2b1fd8481df4a2b80ce71f491ab;22/03/2019 17:54;Business Essentials 8' x 8' x 5' Corrugated Mailers  12-Pack;51.68;43.93;Rebajado;638000000;Office|Shipping & Moving|Moving Boxes & Kits|Packing & Shipping Boxes;FALSE;251
45158780dc0c070f5270eda57fb27eee;22/03/2019 17:54;Business Essentials 8' x 8' x 5' Corrugated Mailers  12-Pack;47.89;40.71;Rebajado;638000000;Office|Shipping & Moving|Moving Boxes & Kits|Packing & Shipping Boxes;TRUE;261
c8ae71917b279307958fbd96a2e03307;22/03/2019 17:54;Business Essentials 8' x 8' x 5' Corrugated Mailers  12-Pack;49.63;42.19;Rebajado;638000000;Office|Shipping & Moving|Moving Boxes & Kits|Packing & Shipping Boxes;FALSE;433
a7ffa6424d75ecb3df03435f7d9bd009;22/03/2019 17:54;Business Essentials 8' x 8' x 5' Corrugated Mailers  12-Pack;32.04;27.23;Rebajado;638000000;Office|Shipping & Moving|Moving Boxes & Kits|Packing & Shipping Boxes;TRUE;312
b6488dd7d555a09435b4406a29fe56f6;22/03/2019 17:54;Business Essentials 8' x 8' x 5' Corrugated Mailers  12-Pack;31.37;26.66;Rebajado;638000000;Office|Shipping & Moving|Moving Boxes & Kits|Packing & Shipping Boxes;TRUE;202
4e40646bd3d2f46e4cbab3b35deda8a1;22/03/2019 17:54;Business Essentials 8' x 8' x 5' Corrugated Mailers  12-Pack;30.61;26.02;Rebajado;638000000;Office|Shipping & Moving|Moving Boxes & Kits|Packing & Shipping Boxes;TRUE;357
e52348434d197311e1ab700398178de8;22/03/2019 17:54;Business Essentials 8' x 8' x 5' Corrugated Mailers  12-Pack;58.91;50.07;Rebajado;638000000;Office|Shipping & Moving|Moving Boxes & Kits|Packing & Shipping Boxes;FALSE;412
28429991345aa9bb9e47336a76b5bb81;22/03/2019 17:54;Business Essentials 8' x 8' x 5' Corrugated Mailers  12-Pack;51.79;44.02;Rebajado;638000000;Office|Shipping & Moving|Moving Boxes & Kits|Packing & Shipping Boxes;FALSE;101
95f7bbb2224e8712631d75e9df03514a;22/03/2019 17:54;Business Essentials 8' x 8' x 5' Corrugated Mailers  12-Pack;31.16;26.49;Rebajado;638000000;Office|Shipping & Moving|Moving Boxes & Kits|Packing & Shipping Boxes;FALSE;182
ee964e343267834b4410eb684977a898;22/03/2019 17:54;Business Essentials 8' x 8' x 5' Corrugated Mailers  12-Pack;54.79;46.57;Rebajado;638000000;Office|Shipping & Moving|Moving Boxes & Kits|Packing & Shipping Boxes;FALSE;410
2cdb4d3479bae50befbad4fb5e1ceeee;22/03/2019 17:54;Business Essentials 8' x 8' x 5' Corrugated Mailers  12-Pack;37.91;32.22;Rebajado;638000000;Office|Shipping & Moving|Moving Boxes & Kits|Packing & Shipping Boxes;TRUE;375
12d2fb4878f38b3763a6403efb3ee45f;22/03/2019 17:54;Business Essentials 8' x 8' x 5' Corrugated Mailers  12-Pack;29.76;25.3;Rebajado;638000000;Office|Shipping & Moving|Moving Boxes & Kits|Packing & Shipping Boxes;TRUE;227
f516d1a44b0b20ae49107176b093542a;22/03/2019 17:54;Business Essentials 8' x 8' x 5' Corrugated Mailers  12-Pack;33.79;28.72;Rebajado;638000000;Office|Shipping & Moving|Moving Boxes & Kits|Packing & Shipping Boxes;FALSE;497
e4039ee8057308fc6c232e09e2b56bdc;22/03/2019 17:54;Business Essentials 8' x 8' x 5' Corrugated Mailers  12-Pack;27.58;23.44;Rebajado;638000000;Office|Shipping & Moving|Moving Boxes & Kits|Packing & Shipping Boxes;FALSE;296
85704ad1cea2c36bbe53fe2268a83438;22/03/2019 17:54;Business Essentials 8' x 8' x 5' Corrugated Mailers  12-Pack;55.09;46.83;Rebajado;638000000;Office|Shipping & Moving|Moving Boxes & Kits|Packing & Shipping Boxes;FALSE;97
e21520293047e26fce42b2cf26b0a49a;22/03/2019 17:54;Business Essentials 8' x 8' x 5' Corrugated Mailers  12-Pack;45.14;38.37;Rebajado;638000000;Office|Shipping & Moving|Moving Boxes & Kits|Packing & Shipping Boxes;FALSE;236
449da5c13eac3e5ae4ad0d9f8b2afd96;22/03/2019 17:54;Business Essentials 8' x 8' x 5' Corrugated Mailers  12-Pack;10.9;9.27;Rebajado;638000000;Office|Shipping & Moving|Moving Boxes & Kits|Packing & Shipping Boxes;TRUE;356
5f2e62bddcb62b406b7da77a660316f8;22/03/2019 17:54;Business Essentials 8' x 8' x 5' Corrugated Mailers  12-Pack;35.58;30.24;Rebajado;638000000;Office|Shipping & Moving|Moving Boxes & Kits|Packing & Shipping Boxes;FALSE;166
b90f7d2d30da42392e94973b0f92d46a;22/03/2019 17:54;Business Essentials 8' x 8' x 5' Corrugated Mailers  12-Pack;37.69;32.04;Rebajado;638000000;Office|Shipping & Moving|Moving Boxes & Kits|Packing & Shipping Boxes;TRUE;250
7c8b619cbdc37e7424b87bfc05762a07;22/03/2019 17:54;Business Essentials 8' x 8' x 5' Corrugated Mailers  12-Pack;34.9;29.67;Rebajado;638000000;Office|Shipping & Moving|Moving Boxes & Kits|Packing & Shipping Boxes;FALSE;376
4be37b442e365f33de638b3909d8d81f;22/03/2019 17:54;Business Essentials 8' x 8' x 5' Corrugated Mailers  12-Pack;47.89;40.71;Rebajado;638000000;Office|Shipping & Moving|Moving Boxes & Kits|Packing & Shipping Boxes;FALSE;256
89d7f3339e9cf0bd6b1ea74ff743c9f4;22/03/2019 17:54;Business Essentials 8' x 8' x 5' Corrugated Mailers  12-Pack;44.48;37.81;Rebajado;638000000;Office|Shipping & Moving|Moving Boxes & Kits|Packing & Shipping Boxes;TRUE;410
39fb6a382a842990b5ab406800be0617;22/03/2019 17:54;Business Essentials 8' x 8' x 5' Corrugated Mailers  12-Pack;38.17;32.44;Rebajado;638000000;Office|Shipping & Moving|Moving Boxes & Kits|Packing & Shipping Boxes;FALSE;364
e6ffde76d595e7da0f0afebbdd8e7a4e;22/03/2019 17:54;Business Essentials 8' x 8' x 5' Corrugated Mailers  12-Pack;26.29;22.35;Rebajado;638000000;Office|Shipping & Moving|Moving Boxes & Kits|Packing & Shipping Boxes;TRUE;416
81c84b224b691e81df97786aa02ece9a;22/03/2019 17:54;Business Essentials 8' x 8' x 5' Corrugated Mailers  12-Pack;56.45;47.98;Rebajado;638000000;Office|Shipping & Moving|Moving Boxes & Kits|Packing & Shipping Boxes;TRUE;487
6c4bbaf336bd2dd09b0718f54e6f89f2;22/03/2019 17:54;Business Essentials 8' x 8' x 5' Corrugated Mailers  12-Pack;87.28;74.19;Rebajado;638000000;Office|Shipping & Moving|Moving Boxes & Kits|Packing & Shipping Boxes;FALSE;373
1cc50966949abf3bc14e2318e2ed19de;22/03/2019 17:54;Business Essentials 8' x 8' x 5' Corrugated Mailers  12-Pack;62.3;52.96;Rebajado;638000000;Office|Shipping & Moving|Moving Boxes & Kits|Packing & Shipping Boxes;FALSE;235
47140239251780d1c29c8de551f4a72f;22/03/2019 17:54;Business Essentials 8' x 8' x 5' Corrugated Mailers  12-Pack;72.59;61.7;Rebajado;638000000;Office|Shipping & Moving|Moving Boxes & Kits|Packing & Shipping Boxes;FALSE;99
7a4af39fbf4821d57bffa2d84e284eb3;22/03/2019 17:54;Business Essentials 8' x 8' x 5' Corrugated Mailers  12-Pack;65.71;55.85;Rebajado;638000000;Office|Shipping & Moving|Moving Boxes & Kits|Packing & Shipping Boxes;TRUE;494
c8e438b0f27c6dab8ff6e4dcf5223e43;22/03/2019 17:54;Business Essentials 8' x 8' x 5' Corrugated Mailers  12-Pack;41.11;34.94;Rebajado;638000000;Office|Shipping & Moving|Moving Boxes & Kits|Packing & Shipping Boxes;FALSE;274
30d89ee0d25c032471607b88c8473478;22/03/2019 17:54;Business Essentials 8' x 8' x 5' Corrugated Mailers  12-Pack;35.58;30.24;Rebajado;638000000;Office|Shipping & Moving|Moving Boxes & Kits|Packing & Shipping Boxes;FALSE;7
ff715b88cf7a1a09b4f2a47a5383a3bb;22/03/2019 17:54;Business Essentials 8' x 8' x 5' Corrugated Mailers  12-Pack;11.14;9.47;Rebajado;638000000;Office|Shipping & Moving|Moving Boxes & Kits|Packing & Shipping Boxes;TRUE;142
317f8ff383ba8a3147c5ed928ef582c5;22/03/2019 17:54;Business Essentials 8' x 8' x 5' Corrugated Mailers  12-Pack;56.1;47.69;Rebajado;638000000;Office|Shipping & Moving|Moving Boxes & Kits|Packing & Shipping Boxes;FALSE;95
f178794f26c8bddfdb486e50b7827ec5;22/03/2019 17:54;Business Essentials 8' x 8' x 5' Corrugated Mailers  12-Pack;31.44;26.72;Rebajado;638000000;Office|Shipping & Moving|Moving Boxes & Kits|Packing & Shipping Boxes;TRUE;399
576591de90b645c51d59aee79805c888;22/03/2019 17:54;Business Essentials 8' x 8' x 5' Corrugated Mailers  12-Pack;51.23;43.55;Rebajado;638000000;Office|Shipping & Moving|Moving Boxes & Kits|Packing & Shipping Boxes;FALSE;431
186f815c1eb44092f2559d7bd960a7e4;22/03/2019 17:54;Business Essentials 8' x 8' x 5' Corrugated Mailers  12-Pack;57.84;49.16;Rebajado;638000000;Office|Shipping & Moving|Moving Boxes & Kits|Packing & Shipping Boxes;FALSE;182
db589986d461d4041ffd0df640a73b92;22/03/2019 17:54;Business Essentials 8' x 8' x 5' Corrugated Mailers  12-Pack;11.52;9.79;Rebajado;638000000;Office|Shipping & Moving|Moving Boxes & Kits|Packing & Shipping Boxes;TRUE;133
c6e37c50cdec0b6df6b9bf9e33125e2d;22/03/2019 17:54;Business Essentials 8' x 8' x 5' Corrugated Mailers  12-Pack;47.84;40.66;Rebajado;638000000;Office|Shipping & Moving|Moving Boxes & Kits|Packing & Shipping Boxes;FALSE;304
d2534d74d1557f57a51bd779fa1aa4b5;22/03/2019 17:54;Business Essentials 8' x 8' x 5' Corrugated Mailers  12-Pack;55.85;47.47;Rebajado;638000000;Office|Shipping & Moving|Moving Boxes & Kits|Packing & Shipping Boxes;FALSE;157
53d4d455153e2da4cbdaabcd0b664a71;22/03/2019 17:54;Business Essentials 8' x 8' x 5' Corrugated Mailers  12-Pack;50.69;43.09;Rebajado;638000000;Office|Shipping & Moving|Moving Boxes & Kits|Packing & Shipping Boxes;TRUE;131
97aecc69bba40b8bc97ad7241dcf2a1d;22/03/2019 17:54;Business Essentials 8' x 8' x 5' Corrugated Mailers  12-Pack;19.32;16.42;Rebajado;638000000;Office|Shipping & Moving|Moving Boxes & Kits|Packing & Shipping Boxes;TRUE;116
c708231f6635a291cf27f929174de498;22/03/2019 17:54;Business Essentials 8' x 8' x 5' Corrugated Mailers  12-Pack;39.71;33.75;Rebajado;638000000;Office|Shipping & Moving|Moving Boxes & Kits|Packing & Shipping Boxes;TRUE;8
e09b1029a1e1635065175fdba24e9eeb;22/03/2019 17:54;Business Essentials 8' x 8' x 5' Corrugated Mailers  12-Pack;49.8;42.33;Rebajado;638000000;Office|Shipping & Moving|Moving Boxes & Kits|Packing & Shipping Boxes;TRUE;280
914d08324b7130f44c023c427f129eba;22/03/2019 17:54;Business Essentials 8' x 8' x 5' Corrugated Mailers  12-Pack;20.86;17.73;Rebajado;638000000;Office|Shipping & Moving|Moving Boxes & Kits|Packing & Shipping Boxes;TRUE;8
5904e4d2061dd8a7c3582dada178a70e;22/03/2019 17:54;Business Essentials 8' x 8' x 5' Corrugated Mailers  12-Pack;75.84;64.46;Rebajado;638000000;Office|Shipping & Moving|Moving Boxes & Kits|Packing & Shipping Boxes;FALSE;355
603a76cc7a5484b7e4826086fed0e16e;22/03/2019 17:54;Business Essentials 8' x 8' x 5' Corrugated Mailers  12-Pack;35.06;29.8;Rebajado;638000000;Office|Shipping & Moving|Moving Boxes & Kits|Packing & Shipping Boxes;FALSE;485
2c64760e2389fc2ef648ecdbe9cacc11;22/03/2019 17:54;Business Essentials 8' x 8' x 5' Corrugated Mailers  12-Pack;28.93;24.59;Rebajado;638000000;Office|Shipping & Moving|Moving Boxes & Kits|Packing & Shipping Boxes;FALSE;318
373375f9109edfe0dfd597a4d706c736;22/03/2019 17:54;Business Essentials 8' x 8' x 5' Corrugated Mailers  12-Pack;41.94;35.65;Rebajado;638000000;Office|Shipping & Moving|Moving Boxes & Kits|Packing & Shipping Boxes;TRUE;239
632cf7365b2f075e3b16fbaac1ffa4e2;22/03/2019 17:54;Business Essentials 8' x 8' x 5' Corrugated Mailers  12-Pack;26.59;22.6;Rebajado;638000000;Office|Shipping & Moving|Moving Boxes & Kits|Packing & Shipping Boxes;TRUE;25
e9e42dbe33f641f4f11cb5a9f4163f52;22/03/2019 17:54;Business Essentials 8' x 8' x 5' Corrugated Mailers  12-Pack;42.66;36.26;Rebajado;638000000;Office|Shipping & Moving|Moving Boxes & Kits|Packing & Shipping Boxes;FALSE;186
a0b38c69b1383c00f0936e40d61e19e8;22/03/2019 17:54;Business Essentials 8' x 8' x 5' Corrugated Mailers  12-Pack;31.37;26.66;Rebajado;638000000;Office|Shipping & Moving|Moving Boxes & Kits|Packing & Shipping Boxes;TRUE;213
6d4d46cb8c73d686c53ba25900c3a54d;22/03/2019 17:54;Business Essentials 8' x 8' x 5' Corrugated Mailers  12-Pack;38.33;32.58;Rebajado;638000000;Office|Shipping & Moving|Moving Boxes & Kits|Packing & Shipping Boxes;TRUE;51
03d6ecb013bffa54aba1dd620401c555;22/03/2019 17:54;Business Essentials 8' x 8' x 5' Corrugated Mailers  12-Pack;40.57;34.48;Rebajado;638000000;Office|Shipping & Moving|Moving Boxes & Kits|Packing & Shipping Boxes;TRUE;336
bc142f794c0ae47e4dc22730b1ed27b9;22/03/2019 17:54;Business Essentials 8' x 8' x 5' Corrugated Mailers  12-Pack;55.12;46.85;Rebajado;638000000;Office|Shipping & Moving|Moving Boxes & Kits|Packing & Shipping Boxes;TRUE;464
7a93e91a983c03f3bc68894e6d6b2433;22/03/2019 17:54;Business Essentials 8' x 8' x 5' Corrugated Mailers  12-Pack;46.62;39.63;Rebajado;638000000;Office|Shipping & Moving|Moving Boxes & Kits|Packing & Shipping Boxes;TRUE;152
878dce3cddde75c72117d0eb0dbdab07;22/03/2019 17:54;Business Essentials 8' x 8' x 5' Corrugated Mailers  12-Pack;50.04;42.53;Rebajado;638000000;Office|Shipping & Moving|Moving Boxes & Kits|Packing & Shipping Boxes;FALSE;123
32ea00e82e53f1f682ef2597e0f74ceb;22/03/2019 17:54;Business Essentials 8' x 8' x 5' Corrugated Mailers  12-Pack;23.9;20.32;Rebajado;638000000;Office|Shipping & Moving|Moving Boxes & Kits|Packing & Shipping Boxes;TRUE;247
3f853f03f9f6ceb9dccdb1711d93bf90;22/03/2019 17:54;Business Essentials 8' x 8' x 5' Corrugated Mailers  12-Pack;25.86;21.98;Rebajado;638000000;Office|Shipping & Moving|Moving Boxes & Kits|Packing & Shipping Boxes;TRUE;135
7f465e10f51e1b015eed3cd9acc4406a;22/03/2019 17:54;Business Essentials 8' x 8' x 5' Corrugated Mailers  12-Pack;55.6;47.26;Rebajado;638000000;Office|Shipping & Moving|Moving Boxes & Kits|Packing & Shipping Boxes;TRUE;387
22362b582b186e64e3f6a4b7ce0dd954;22/03/2019 17:54;Business Essentials 8' x 8' x 5' Corrugated Mailers  12-Pack;59.53;50.6;Rebajado;638000000;Office|Shipping & Moving|Moving Boxes & Kits|Packing & Shipping Boxes;TRUE;23
1868b11ef12445be36a10e80f41e24b8;22/03/2019 17:54;Business Essentials 8' x 8' x 5' Corrugated Mailers  12-Pack;47.22;40.14;Rebajado;638000000;Office|Shipping & Moving|Moving Boxes & Kits|Packing & Shipping Boxes;TRUE;47
890743809d0c9790b586499a840c53f2;22/03/2019 17:54;Business Essentials 8' x 8' x 5' Corrugated Mailers  12-Pack;122.52;104.14;Rebajado;638000000;Office|Shipping & Moving|Moving Boxes & Kits|Packing & Shipping Boxes;FALSE;309
e61aabc15218eee452a56e466b6cddeb;22/03/2019 17:54;Business Essentials 8' x 8' x 5' Corrugated Mailers  12-Pack;50.95;43.31;Rebajado;638000000;Office|Shipping & Moving|Moving Boxes & Kits|Packing & Shipping Boxes;FALSE;19
61a544b297c89641871ddc11d1fd3561;22/03/2019 17:54;Business Essentials 8' x 8' x 5' Corrugated Mailers  12-Pack;49.5;42.08;Rebajado;638000000;Office|Shipping & Moving|Moving Boxes & Kits|Packing & Shipping Boxes;TRUE;200
4cb0c54b3e6cf891179cf04d0152586d;22/03/2019 17:54;Business Essentials 8' x 8' x 5' Corrugated Mailers  12-Pack;41.88;35.6;Rebajado;638000000;Office|Shipping & Moving|Moving Boxes & Kits|Packing & Shipping Boxes;TRUE;204
a44762b2566f55a3adbe1e23d34a4a48;22/03/2019 17:54;Business Essentials 8' x 8' x 5' Corrugated Mailers  12-Pack;38.38;32.62;Rebajado;638000000;Office|Shipping & Moving|Moving Boxes & Kits|Packing & Shipping Boxes;TRUE;47
2bc4461081f11e37b5dfa552f5077cac;22/03/2019 17:54;Business Essentials 8' x 8' x 5' Corrugated Mailers  12-Pack;61.8;52.53;Rebajado;638000000;Office|Shipping & Moving|Moving Boxes & Kits|Packing & Shipping Boxes;TRUE;114
b8b4e5e139cbee42bcb28e9ca1a17767;22/03/2019 17:54;Business Essentials 8' x 8' x 5' Corrugated Mailers  12-Pack;29.88;25.4;Rebajado;638000000;Office|Shipping & Moving|Moving Boxes & Kits|Packing & Shipping Boxes;TRUE;359
9119af88f137aa1fac2c720db4e3068b;22/03/2019 17:54;Business Essentials 8' x 8' x 5' Corrugated Mailers  12-Pack;29.14;24.77;Rebajado;638000000;Office|Shipping & Moving|Moving Boxes & Kits|Packing & Shipping Boxes;TRUE;237
a30b4d5ef258b39da473a120e0fe98a7;22/03/2019 17:54;Business Essentials 8' x 8' x 5' Corrugated Mailers  12-Pack;38.04;32.33;Rebajado;638000000;Office|Shipping & Moving|Moving Boxes & Kits|Packing & Shipping Boxes;TRUE;298
b9a3b33fa5d4b9a127d385be7d37b9ea;22/03/2019 17:54;Business Essentials 8' x 8' x 5' Corrugated Mailers  12-Pack;26.26;22.32;Rebajado;638000000;Office|Shipping & Moving|Moving Boxes & Kits|Packing & Shipping Boxes;FALSE;55
e1a7f7694c69f8dae7a8ec6767ce7749;22/03/2019 17:54;Business Essentials 8' x 8' x 5' Corrugated Mailers  12-Pack;8.74;7.43;Rebajado;638000000;Office|Shipping & Moving|Moving Boxes & Kits|Packing & Shipping Boxes;TRUE;81
d040871246a739513cc567ed423b34ae;22/03/2019 17:54;Business Essentials 8' x 8' x 5' Corrugated Mailers  12-Pack;92.45;78.58;Rebajado;638000000;Office|Shipping & Moving|Moving Boxes & Kits|Packing & Shipping Boxes;FALSE;155
038388bbeaf2c0bdd9f8fd73ba3acf54;22/03/2019 17:54;Business Essentials 8' x 8' x 5' Corrugated Mailers  12-Pack;38.7;32.9;Rebajado;638000000;Office|Shipping & Moving|Moving Boxes & Kits|Packing & Shipping Boxes;TRUE;438
530e87d391201cb50cf2b5a7225913be;22/03/2019 17:54;Business Essentials 8' x 8' x 5' Corrugated Mailers  12-Pack;23.64;20.09;Rebajado;638000000;Office|Shipping & Moving|Moving Boxes & Kits|Packing & Shipping Boxes;TRUE;430
62988afe08ede61ee60dd2d6f7ccf204;22/03/2019 17:54;Business Essentials 8' x 8' x 5' Corrugated Mailers  12-Pack;50.78;43.16;Rebajado;638000000;Office|Shipping & Moving|Moving Boxes & Kits|Packing & Shipping Boxes;TRUE;16
368677057e118ddd9a42d611ca018862;22/03/2019 17:54;Business Essentials 8' x 8' x 5' Corrugated Mailers  12-Pack;29.47;25.05;Rebajado;638000000;Office|Shipping & Moving|Moving Boxes & Kits|Packing & Shipping Boxes;TRUE;250
58add454fe0717672a70af9c6d2aebe1;22/03/2019 17:54;Business Essentials 8' x 8' x 5' Corrugated Mailers  12-Pack;57.43;48.82;Rebajado;638000000;Office|Shipping & Moving|Moving Boxes & Kits|Packing & Shipping Boxes;FALSE;314
cbd98fb9f027965aa1991e3cc015c270;22/03/2019 17:54;Business Essentials 8' x 8' x 5' Corrugated Mailers  12-Pack;38.78;32.96;Rebajado;638000000;Office|Shipping & Moving|Moving Boxes & Kits|Packing & Shipping Boxes;FALSE;357
9c36756387317cdae438917773f811f2;22/03/2019 17:54;Business Essentials 8' x 8' x 5' Corrugated Mailers  12-Pack;61.57;52.33;Rebajado;638000000;Office|Shipping & Moving|Moving Boxes & Kits|Packing & Shipping Boxes;FALSE;147
ef013ed3688a7d7a5772329e5c18d19c;22/03/2019 17:54;Business Essentials 8' x 8' x 5' Corrugated Mailers  12-Pack;24.43;20.77;Rebajado;638000000;Office|Shipping & Moving|Moving Boxes & Kits|Packing & Shipping Boxes;TRUE;455
847fbe68cae9dd5fd4b2795fd24b34fd;22/03/2019 17:54;Business Essentials 8' x 8' x 5' Corrugated Mailers  12-Pack;34.66;29.46;Rebajado;638000000;Office|Shipping & Moving|Moving Boxes & Kits|Packing & Shipping Boxes;TRUE;124
337f22aa651d2235a30e47bcdf353dbe;22/03/2019 17:54;Business Essentials 8' x 8' x 5' Corrugated Mailers  12-Pack;33.58;28.54;Rebajado;638000000;Office|Shipping & Moving|Moving Boxes & Kits|Packing & Shipping Boxes;TRUE;269
51ee0b100636f8cc021cb5cfa1278e60;22/03/2019 17:54;Business Essentials 8' x 8' x 5' Corrugated Mailers  12-Pack;71.89;61.11;Rebajado;638000000;Office|Shipping & Moving|Moving Boxes & Kits|Packing & Shipping Boxes;TRUE;231
417a33ae8f16851d5ad0124e085e8301;22/03/2019 17:54;Business Essentials 8' x 8' x 5' Corrugated Mailers  12-Pack;23.58;20.04;Rebajado;638000000;Office|Shipping & Moving|Moving Boxes & Kits|Packing & Shipping Boxes;TRUE;314
39242c460fd0340dec229252f06d67bf;22/03/2019 17:54;Business Essentials 8' x 8' x 5' Corrugated Mailers  12-Pack;91.78;78.01;Rebajado;638000000;Office|Shipping & Moving|Moving Boxes & Kits|Packing & Shipping Boxes;FALSE;399
d9fe764ec6eae75dcd8a87080b24376d;22/03/2019 17:54;Business Essentials 8' x 8' x 5' Corrugated Mailers  12-Pack;30.65;26.05;Rebajado;638000000;Office|Shipping & Moving|Moving Boxes & Kits|Packing & Shipping Boxes;TRUE;79
23df0496e8d1f3d873ebffab0f471e8f;22/03/2019 17:54;Business Essentials 8' x 8' x 5' Corrugated Mailers  12-Pack;54.19;46.06;Rebajado;638000000;Office|Shipping & Moving|Moving Boxes & Kits|Packing & Shipping Boxes;FALSE;55
2d02b4e7a42daf695f91c4960f8a7e63;22/03/2019 17:54;Business Essentials 8' x 8' x 5' Corrugated Mailers  12-Pack;27.91;23.72;Rebajado;638000000;Office|Shipping & Moving|Moving Boxes & Kits|Packing & Shipping Boxes;TRUE;28
50d6362fe1373f0d779e12b6662f43c1;22/03/2019 17:54;Business Essentials 8' x 8' x 5' Corrugated Mailers  12-Pack;9.26;7.87;Rebajado;638000000;Office|Shipping & Moving|Moving Boxes & Kits|Packing & Shipping Boxes;TRUE;411
24571b1c280818902b6667ed23bd3d38;22/03/2019 17:54;Business Essentials 8' x 8' x 5' Corrugated Mailers  12-Pack;38.14;32.42;Rebajado;638000000;Office|Shipping & Moving|Moving Boxes & Kits|Packing & Shipping Boxes;FALSE;358
71983123dc64694b2a3545d3cd6dfeaa;22/03/2019 17:54;Business Essentials 8' x 8' x 5' Corrugated Mailers  12-Pack;30.4;25.84;Rebajado;638000000;Office|Shipping & Moving|Moving Boxes & Kits|Packing & Shipping Boxes;TRUE;425
ea20f1392ffcd6abdb95530aa2f1badf;22/03/2019 17:54;Business Essentials 8' x 8' x 5' Corrugated Mailers  12-Pack;34.07;28.96;Rebajado;638000000;Office|Shipping & Moving|Moving Boxes & Kits|Packing & Shipping Boxes;TRUE;338
ab9d75ba9ea2c974ef0da2585fcc5ea8;22/03/2019 17:54;Business Essentials 8' x 8' x 5' Corrugated Mailers  12-Pack;85.82;72.95;Rebajado;638000000;Office|Shipping & Moving|Moving Boxes & Kits|Packing & Shipping Boxes;FALSE;297
55b7cc67f70be8fa4b954566372a1d5f;22/03/2019 17:54;Business Essentials 8' x 8' x 5' Corrugated Mailers  12-Pack;59.88;50.9;Rebajado;638000000;Office|Shipping & Moving|Moving Boxes & Kits|Packing & Shipping Boxes;FALSE;490
18f198f5ba765987f16d83bcde6e1d01;22/03/2019 17:54;Business Essentials 8' x 8' x 5' Corrugated Mailers  12-Pack;47.48;40.36;Rebajado;638000000;Office|Shipping & Moving|Moving Boxes & Kits|Packing & Shipping Boxes;TRUE;385
4395d0c25273511afd2e5914c561e2c5;22/03/2019 17:54;Business Essentials 8' x 8' x 5' Corrugated Mailers  12-Pack;33.79;28.72;Rebajado;638000000;Office|Shipping & Moving|Moving Boxes & Kits|Packing & Shipping Boxes;TRUE;374
4897af259516d7ce15949a44e0e10394;22/03/2019 17:54;Business Essentials 8' x 8' x 5' Corrugated Mailers  12-Pack;44.4;37.74;Rebajado;638000000;Office|Shipping & Moving|Moving Boxes & Kits|Packing & Shipping Boxes;FALSE;122
7943640224581aa95c01d78053199e1b;22/03/2019 17:54;Business Essentials 8' x 8' x 5' Corrugated Mailers  12-Pack;31.62;26.88;Rebajado;638000000;Office|Shipping & Moving|Moving Boxes & Kits|Packing & Shipping Boxes;TRUE;170
b9212ec721ad12939dd30d93a1528d35;22/03/2019 17:54;Business Essentials 8' x 8' x 5' Corrugated Mailers  12-Pack;32.45;27.58;Rebajado;638000000;Office|Shipping & Moving|Moving Boxes & Kits|Packing & Shipping Boxes;FALSE;349
40367aeda602d2dd91dd244653defe63;22/03/2019 17:54;Business Essentials 8' x 8' x 5' Corrugated Mailers  12-Pack;60.7;51.6;Rebajado;638000000;Office|Shipping & Moving|Moving Boxes & Kits|Packing & Shipping Boxes;FALSE;207
d20626df85f6bdd2c054c4bf16e969fa;22/03/2019 17:54;Business Essentials 8' x 8' x 5' Corrugated Mailers  12-Pack;53.45;45.43;Rebajado;638000000;Office|Shipping & Moving|Moving Boxes & Kits|Packing & Shipping Boxes;FALSE;458
68a399d58ecfe908d195d86cd3c5bcc9;22/03/2019 17:54;Business Essentials 8' x 8' x 5' Corrugated Mailers  12-Pack;74.46;63.29;Rebajado;638000000;Office|Shipping & Moving|Moving Boxes & Kits|Packing & Shipping Boxes;FALSE;199
5558dd403a0951c284e13432bf5de6b9;22/03/2019 17:54;Business Essentials 8' x 8' x 5' Corrugated Mailers  12-Pack;33.86;28.78;Rebajado;638000000;Office|Shipping & Moving|Moving Boxes & Kits|Packing & Shipping Boxes;TRUE;297
ee9cb639c73592e0b7874f5e96dc1afd;22/03/2019 17:54;Business Essentials 8' x 8' x 5' Corrugated Mailers  12-Pack;42.98;36.53;Rebajado;638000000;Office|Shipping & Moving|Moving Boxes & Kits|Packing & Shipping Boxes;FALSE;461
821cd91a6389e89ea73dd280370712ef;22/03/2019 17:54;Business Essentials 8' x 8' x 5' Corrugated Mailers  12-Pack;78.73;66.92;Rebajado;638000000;Office|Shipping & Moving|Moving Boxes & Kits|Packing & Shipping Boxes;FALSE;330
693262c8c3f62754912c696d15ee266e;22/03/2019 17:54;Business Essentials 8' x 8' x 5' Corrugated Mailers  12-Pack;33.17;28.19;Rebajado;638000000;Office|Shipping & Moving|Moving Boxes & Kits|Packing & Shipping Boxes;FALSE;334
e02fbf706680072a2400ab8ef77d7073;22/03/2019 17:54;Business Essentials 8' x 8' x 5' Corrugated Mailers  12-Pack;43.64;37.09;Rebajado;638000000;Office|Shipping & Moving|Moving Boxes & Kits|Packing & Shipping Boxes;FALSE;274
e70e05ec0a3a1c8c30c0febbf5793202;22/03/2019 17:54;Business Essentials 8' x 8' x 5' Corrugated Mailers  12-Pack;31.97;27.17;Rebajado;638000000;Office|Shipping & Moving|Moving Boxes & Kits|Packing & Shipping Boxes;TRUE;250
ca7ef4e9973ab24a0b3f8536ae996b76;22/03/2019 17:54;Business Essentials 8' x 8' x 5' Corrugated Mailers  12-Pack;28.91;24.57;Rebajado;638000000;Office|Shipping & Moving|Moving Boxes & Kits|Packing & Shipping Boxes;TRUE;451
59c8fba40916ed8c36c56c43d677a2cb;22/03/2019 17:54;Business Essentials 8' x 8' x 5' Corrugated Mailers  12-Pack;84.66;71.96;Rebajado;638000000;Office|Shipping & Moving|Moving Boxes & Kits|Packing & Shipping Boxes;FALSE;71
b3eeebce2f0b8726dc31636dca40d464;22/03/2019 17:54;Business Essentials 8' x 8' x 5' Corrugated Mailers  12-Pack;70.96;60.32;Rebajado;638000000;Office|Shipping & Moving|Moving Boxes & Kits|Packing & Shipping Boxes;FALSE;35
25aaf7f98044fdc0ffed801719ad67b7;22/03/2019 17:54;Business Essentials 8' x 8' x 5' Corrugated Mailers  12-Pack;33.47;28.45;Rebajado;638000000;Office|Shipping & Moving|Moving Boxes & Kits|Packing & Shipping Boxes;TRUE;169
6cc0f9f6e118a7f451588b171f6ddfe1;22/03/2019 17:54;Business Essentials 8' x 8' x 5' Corrugated Mailers  12-Pack;26.4;22.44;Rebajado;638000000;Office|Shipping & Moving|Moving Boxes & Kits|Packing & Shipping Boxes;TRUE;397
6970acded3d15dee4e328e2ec0a6bbbd;22/03/2019 17:54;Business Essentials 8' x 8' x 5' Corrugated Mailers  12-Pack;33.52;28.49;Rebajado;638000000;Office|Shipping & Moving|Moving Boxes & Kits|Packing & Shipping Boxes;FALSE;155
4b328b50b2311d1cb97b7f888d04c7bf;22/03/2019 17:54;Business Essentials 8' x 8' x 5' Corrugated Mailers  12-Pack;26.45;22.48;Rebajado;638000000;Office|Shipping & Moving|Moving Boxes & Kits|Packing & Shipping Boxes;TRUE;44
8377451eb89d65ce90cf06d8c6559d6c;22/03/2019 17:54;Business Essentials 8' x 8' x 5' Corrugated Mailers  12-Pack;26.33;22.38;Rebajado;638000000;Office|Shipping & Moving|Moving Boxes & Kits|Packing & Shipping Boxes;TRUE;435
007474754855e2519470a77db1abc472;22/03/2019 17:54;Business Essentials 8' x 8' x 5' Corrugated Mailers  12-Pack;26.14;22.22;Rebajado;638000000;Office|Shipping & Moving|Moving Boxes & Kits|Packing & Shipping Boxes;TRUE;67
7cf7f8abb1bff7fbe058d173cfe027e5;22/03/2019 17:54;Business Essentials 8' x 8' x 5' Corrugated Mailers  12-Pack;68.1;57.89;Rebajado;638000000;Office|Shipping & Moving|Moving Boxes & Kits|Packing & Shipping Boxes;TRUE;452
16b50669c677487236b68b3a983bb2ae;22/03/2019 17:54;Business Essentials 8' x 8' x 5' Corrugated Mailers  12-Pack;11.36;9.66;Rebajado;638000000;Office|Shipping & Moving|Moving Boxes & Kits|Packing & Shipping Boxes;TRUE;85
9f450b627004585e5e7805f222017407;22/03/2019 17:54;Business Essentials 8' x 8' x 5' Corrugated Mailers  12-Pack;55.63;47.29;Rebajado;638000000;Office|Shipping & Moving|Moving Boxes & Kits|Packing & Shipping Boxes;FALSE;295
9ca1e0bd9fe480b2e7237fc971bb67b5;22/03/2019 17:54;Business Essentials 8' x 8' x 5' Corrugated Mailers  12-Pack;40.81;34.69;Rebajado;638000000;Office|Shipping & Moving|Moving Boxes & Kits|Packing & Shipping Boxes;FALSE;193
b1884c865307d60e05ffe489c2ada3fb;22/03/2019 17:54;Business Essentials 8' x 8' x 5' Corrugated Mailers  12-Pack;34.14;29.02;Rebajado;638000000;Office|Shipping & Moving|Moving Boxes & Kits|Packing & Shipping Boxes;TRUE;138
539e4f84ed07b6c5aaab0561ca81a384;22/03/2019 17:54;Business Essentials 8' x 8' x 5' Corrugated Mailers  12-Pack;31.99;27.19;Rebajado;638000000;Office|Shipping & Moving|Moving Boxes & Kits|Packing & Shipping Boxes;TRUE;158
2f6784e60c892c7d8e20aea09a7aea75;22/03/2019 17:54;Business Essentials 8' x 8' x 5' Corrugated Mailers  12-Pack;19.03;16.18;Rebajado;638000000;Office|Shipping & Moving|Moving Boxes & Kits|Packing & Shipping Boxes;TRUE;381
18ae679c574e3cc7a1979c25193c1ab7;22/03/2019 17:54;Business Essentials 8' x 8' x 5' Corrugated Mailers  12-Pack;47.82;40.65;Rebajado;638000000;Office|Shipping & Moving|Moving Boxes & Kits|Packing & Shipping Boxes;FALSE;396
f3613cd33e3c033a9461eae72d1995f7;22/03/2019 17:54;Business Essentials 8' x 8' x 5' Corrugated Mailers  12-Pack;45.42;38.61;Rebajado;638000000;Office|Shipping & Moving|Moving Boxes & Kits|Packing & Shipping Boxes;FALSE;339
7e25ba48a9fc7c4075c49bae132bb81b;22/03/2019 17:54;Business Essentials 8' x 8' x 5' Corrugated Mailers  12-Pack;76.07;64.66;Rebajado;638000000;Office|Shipping & Moving|Moving Boxes & Kits|Packing & Shipping Boxes;FALSE;194
0d1aee3adaf1505ff3067d22091ab129;22/03/2019 17:54;Business Essentials 8' x 8' x 5' Corrugated Mailers  12-Pack;34.5;29.33;Rebajado;638000000;Office|Shipping & Moving|Moving Boxes & Kits|Packing & Shipping Boxes;TRUE;246
a0a50982fd70ea8c3227a8f593f6ecff;22/03/2019 17:54;Business Essentials 8' x 8' x 5' Corrugated Mailers  12-Pack;26.09;22.18;Rebajado;638000000;Office|Shipping & Moving|Moving Boxes & Kits|Packing & Shipping Boxes;TRUE;218
17f4807da9bdc0b478a68bdcaa51085f;22/03/2019 17:54;Business Essentials 8' x 8' x 5' Corrugated Mailers  12-Pack;79.06;67.2;Rebajado;638000000;Office|Shipping & Moving|Moving Boxes & Kits|Packing & Shipping Boxes;TRUE;192
9510c68be2c056b4c3d203e5eefcd936;22/03/2019 17:54;Business Essentials 8' x 8' x 5' Corrugated Mailers  12-Pack;23.56;20.03;Rebajado;638000000;Office|Shipping & Moving|Moving Boxes & Kits|Packing & Shipping Boxes;TRUE;157
0df61bda745082be66e5b01eafa0291f;22/03/2019 17:54;Business Essentials 8' x 8' x 5' Corrugated Mailers  12-Pack;22.78;19.36;Rebajado;638000000;Office|Shipping & Moving|Moving Boxes & Kits|Packing & Shipping Boxes;TRUE;107
bc7334e162c2d1c0fde77119303152c0;22/03/2019 17:54;Business Essentials 8' x 8' x 5' Corrugated Mailers  12-Pack;48.86;41.53;Rebajado;638000000;Office|Shipping & Moving|Moving Boxes & Kits|Packing & Shipping Boxes;FALSE;260
74448520197ddd29890385d512ef7c4f;22/03/2019 17:54;Business Essentials 8' x 8' x 5' Corrugated Mailers  12-Pack;27.74;23.58;Rebajado;638000000;Office|Shipping & Moving|Moving Boxes & Kits|Packing & Shipping Boxes;FALSE;362
a6e2314d13e855703e0a985c0777d20e;22/03/2019 17:54;Business Essentials 8' x 8' x 5' Corrugated Mailers  12-Pack;28.8;24.48;Rebajado;638000000;Office|Shipping & Moving|Moving Boxes & Kits|Packing & Shipping Boxes;FALSE;148
f2ddf26c283067dd953e975cfdac99e8;22/03/2019 17:54;Business Essentials 8' x 8' x 5' Corrugated Mailers  12-Pack;47.89;40.71;Rebajado;638000000;Office|Shipping & Moving|Moving Boxes & Kits|Packing & Shipping Boxes;TRUE;482
8059930b2ac20f99ef049c71fd21950b;22/03/2019 17:54;Business Essentials 8' x 8' x 5' Corrugated Mailers  12-Pack;34.28;29.14;Rebajado;638000000;Office|Shipping & Moving|Moving Boxes & Kits|Packing & Shipping Boxes;TRUE;82
01d5bcc3fc37745138a178768dcf293f;22/03/2019 17:54;Business Essentials 8' x 8' x 5' Corrugated Mailers  12-Pack;10.4;8.84;Rebajado;638000000;Office|Shipping & Moving|Moving Boxes & Kits|Packing & Shipping Boxes;TRUE;390
f2686f7b3cdb2b8bf91442da5611b41d;22/03/2019 17:54;Business Essentials 8' x 8' x 5' Corrugated Mailers  12-Pack;43.5;36.98;Rebajado;638000000;Office|Shipping & Moving|Moving Boxes & Kits|Packing & Shipping Boxes;TRUE;320
72c28f73f88396ff65daf55eab3e9bcf;22/03/2019 17:54;Business Essentials 8' x 8' x 5' Corrugated Mailers  12-Pack;40.5;34.43;Rebajado;638000000;Office|Shipping & Moving|Moving Boxes & Kits|Packing & Shipping Boxes;FALSE;413
d80022cd3c02b32810a0f379e7568258;22/03/2019 17:54;Business Essentials 8' x 8' x 5' Corrugated Mailers  12-Pack;24.64;20.94;Rebajado;638000000;Office|Shipping & Moving|Moving Boxes & Kits|Packing & Shipping Boxes;TRUE;320
35b0ed532344ac9f1bebe1e88eff7741;22/03/2019 17:54;Business Essentials 8' x 8' x 5' Corrugated Mailers  12-Pack;32.26;27.42;Rebajado;638000000;Office|Shipping & Moving|Moving Boxes & Kits|Packing & Shipping Boxes;TRUE;470
b376ac1d5b6fa81c47ea328565569f77;22/03/2019 17:54;Business Essentials 8' x 8' x 5' Corrugated Mailers  12-Pack;43.01;36.56;Rebajado;638000000;Office|Shipping & Moving|Moving Boxes & Kits|Packing & Shipping Boxes;TRUE;395
bde1055439573de4c7502629d00976d9;22/03/2019 17:54;Business Essentials 8' x 8' x 5' Corrugated Mailers  12-Pack;43.34;36.84;Rebajado;638000000;Office|Shipping & Moving|Moving Boxes & Kits|Packing & Shipping Boxes;TRUE;172
41a48eea67ff17d8a6c0243d627b2a85;22/03/2019 17:54;Business Essentials 8' x 8' x 5' Corrugated Mailers  12-Pack;26.94;22.9;Rebajado;638000000;Office|Shipping & Moving|Moving Boxes & Kits|Packing & Shipping Boxes;TRUE;359
c025804d9372a77e450543cf278043f7;22/03/2019 17:54;Business Essentials 8' x 8' x 5' Corrugated Mailers  12-Pack;52.66;44.76;Rebajado;638000000;Office|Shipping & Moving|Moving Boxes & Kits|Packing & Shipping Boxes;FALSE;102
7b2126c5b4ebc0debf8da6141c3b60ee;22/03/2019 17:54;Business Essentials 8' x 8' x 5' Corrugated Mailers  12-Pack;35.11;29.84;Rebajado;638000000;Office|Shipping & Moving|Moving Boxes & Kits|Packing & Shipping Boxes;TRUE;143
4995f5be93de5326e1c6f9f699fb973e;22/03/2019 17:54;Business Essentials 8' x 8' x 5' Corrugated Mailers  12-Pack;69.12;58.75;Rebajado;638000000;Office|Shipping & Moving|Moving Boxes & Kits|Packing & Shipping Boxes;FALSE;5
119fc30736966c6687a2a5bdca290a3e;22/03/2019 17:54;Business Essentials 8' x 8' x 5' Corrugated Mailers  12-Pack;109.67;93.22;Rebajado;638000000;Office|Shipping & Moving|Moving Boxes & Kits|Packing & Shipping Boxes;FALSE;371
b74f19efa998b9ce7a1780ce5d2afaa3;22/03/2019 17:54;Business Essentials 8' x 8' x 5' Corrugated Mailers  12-Pack;30.48;25.91;Rebajado;638000000;Office|Shipping & Moving|Moving Boxes & Kits|Packing & Shipping Boxes;TRUE;484
72715b1a9f5529044e557d369f552143;22/03/2019 17:54;Business Essentials 8' x 8' x 5' Corrugated Mailers  12-Pack;9.52;08.09;Rebajado;638000000;Office|Shipping & Moving|Moving Boxes & Kits|Packing & Shipping Boxes;TRUE;91
db389c31f84cbdd3811f6693f33dea6a;22/03/2019 17:54;Business Essentials 8' x 8' x 5' Corrugated Mailers  12-Pack;28.63;24.34;Rebajado;638000000;Office|Shipping & Moving|Moving Boxes & Kits|Packing & Shipping Boxes;TRUE;231
e22c56fe78ce4b18c84462f53d8ae317;22/03/2019 17:54;Business Essentials 8' x 8' x 5' Corrugated Mailers  12-Pack;29.59;25.15;Rebajado;638000000;Office|Shipping & Moving|Moving Boxes & Kits|Packing & Shipping Boxes;TRUE;150
48e18d1ded88152c6acf8ebcd0c96e27;22/03/2019 17:54;Business Essentials 8' x 8' x 5' Corrugated Mailers  12-Pack;110.63;94.04;Rebajado;638000000;Office|Shipping & Moving|Moving Boxes & Kits|Packing & Shipping Boxes;TRUE;196
59e3d8a87ef81637de215c08e9f7ade7;22/03/2019 17:54;Business Essentials 8' x 8' x 5' Corrugated Mailers  12-Pack;42.47;36.1;Rebajado;638000000;Office|Shipping & Moving|Moving Boxes & Kits|Packing & Shipping Boxes;TRUE;65
9000dd6f11ebfa55685c6caec2baa7b4;22/03/2019 17:54;Business Essentials 8' x 8' x 5' Corrugated Mailers  12-Pack;54.07;45.96;Rebajado;638000000;Office|Shipping & Moving|Moving Boxes & Kits|Packing & Shipping Boxes;FALSE;41
c7fcc23fb75904199f0cb761b5cdc649;22/03/2019 17:54;Business Essentials 8' x 8' x 5' Corrugated Mailers  12-Pack;37.19;31.61;Rebajado;638000000;Office|Shipping & Moving|Moving Boxes & Kits|Packing & Shipping Boxes;TRUE;183
44fb6fad043db162607d785293875f47;22/03/2019 17:54;Business Essentials 8' x 8' x 5' Corrugated Mailers  12-Pack;45.23;38.45;Rebajado;638000000;Office|Shipping & Moving|Moving Boxes & Kits|Packing & Shipping Boxes;FALSE;437
442047b2c936f0250d7ed40cfbf2bb99;22/03/2019 17:54;Business Essentials 8' x 8' x 5' Corrugated Mailers  12-Pack;48.65;41.35;Rebajado;638000000;Office|Shipping & Moving|Moving Boxes & Kits|Packing & Shipping Boxes;TRUE;64
c2b894344bd2b684abf21dda93e22cb1;22/03/2019 17:54;Business Essentials 8' x 8' x 5' Corrugated Mailers  12-Pack;9;7.65;Rebajado;638000000;Office|Shipping & Moving|Moving Boxes & Kits|Packing & Shipping Boxes;TRUE;157
83421152ea3c6d8d930875575634174d;22/03/2019 17:54;Business Essentials 8' x 8' x 5' Corrugated Mailers  12-Pack;61.03;51.88;Rebajado;638000000;Office|Shipping & Moving|Moving Boxes & Kits|Packing & Shipping Boxes;FALSE;146
c853acf0799b213a19d4e833ceca5e2c;22/03/2019 17:54;Business Essentials 8' x 8' x 5' Corrugated Mailers  12-Pack;28.5;24.23;Rebajado;638000000;Office|Shipping & Moving|Moving Boxes & Kits|Packing & Shipping Boxes;TRUE;53
0e3293ef540a2c3135fbab171d4b44af;22/03/2019 17:54;Business Essentials 8' x 8' x 5' Corrugated Mailers  12-Pack;35.21;29.93;Rebajado;638000000;Office|Shipping & Moving|Moving Boxes & Kits|Packing & Shipping Boxes;TRUE;0
46a329257212579ac005a9300ff66117;22/03/2019 17:54;Business Essentials 8' x 8' x 5' Corrugated Mailers  12-Pack;81.55;69.32;Rebajado;638000000;Office|Shipping & Moving|Moving Boxes & Kits|Packing & Shipping Boxes;FALSE;359
3636bf5764d173933f641e4dcbc121d9;22/03/2019 17:54;Business Essentials 8' x 8' x 5' Corrugated Mailers  12-Pack;50.96;43.32;Rebajado;638000000;Office|Shipping & Moving|Moving Boxes & Kits|Packing & Shipping Boxes;FALSE;21
a1c8949d213109b14050d432a945f051;22/03/2019 17:54;Business Essentials 8' x 8' x 5' Corrugated Mailers  12-Pack;36.46;30.99;Rebajado;638000000;Office|Shipping & Moving|Moving Boxes & Kits|Packing & Shipping Boxes;TRUE;134
637aea8d558bdd1bbb3b3c83d952be34;22/03/2019 17:54;Business Essentials 8' x 8' x 5' Corrugated Mailers  12-Pack;56.38;47.92;Rebajado;638000000;Office|Shipping & Moving|Moving Boxes & Kits|Packing & Shipping Boxes;TRUE;148
248d4ae59ab9384669bd12ae835cbb6b;22/03/2019 17:54;Business Essentials 8' x 8' x 5' Corrugated Mailers  12-Pack;58.56;49.78;Rebajado;638000000;Office|Shipping & Moving|Moving Boxes & Kits|Packing & Shipping Boxes;TRUE;383
7014e81b3a5ba9e9285cbe2512f4198b;22/03/2019 17:54;Business Essentials 8' x 8' x 5' Corrugated Mailers  12-Pack;40.92;34.78;Rebajado;638000000;Office|Shipping & Moving|Moving Boxes & Kits|Packing & Shipping Boxes;FALSE;34
0e3f14ce6d2609f1ac4571d722ab6113;22/03/2019 17:54;Business Essentials 8' x 8' x 5' Corrugated Mailers  12-Pack;19.61;16.67;Rebajado;638000000;Office|Shipping & Moving|Moving Boxes & Kits|Packing & Shipping Boxes;TRUE;401
96fe79d591d2dfe288e4a49df375a2ac;22/03/2019 17:54;Business Essentials 8' x 8' x 5' Corrugated Mailers  12-Pack;26.71;22.7;Rebajado;638000000;Office|Shipping & Moving|Moving Boxes & Kits|Packing & Shipping Boxes;TRUE;477
f336d471b287da29b8a0a7013518acbf;22/03/2019 17:54;Business Essentials 8' x 8' x 5' Corrugated Mailers  12-Pack;47.98;40.78;Rebajado;638000000;Office|Shipping & Moving|Moving Boxes & Kits|Packing & Shipping Boxes;TRUE;158
4905ecbe837ee2f04c5cf66692b1fcb3;22/03/2019 17:54;Business Essentials 8' x 8' x 5' Corrugated Mailers  12-Pack;36.9;31.37;Rebajado;638000000;Office|Shipping & Moving|Moving Boxes & Kits|Packing & Shipping Boxes;FALSE;438
4293221fe620300381cd69b406f0c2e3;22/03/2019 17:54;Business Essentials 8' x 8' x 5' Corrugated Mailers  12-Pack;93.22;79.24;Rebajado;638000000;Office|Shipping & Moving|Moving Boxes & Kits|Packing & Shipping Boxes;TRUE;210
8f250d0062c035121d65c58c2643ba04;22/03/2019 17:54;Business Essentials 8' x 8' x 5' Corrugated Mailers  12-Pack;36.6;31.11;Rebajado;638000000;Office|Shipping & Moving|Moving Boxes & Kits|Packing & Shipping Boxes;TRUE;165
be2781bec0375c7c5c4b70b4634444fb;22/03/2019 17:54;Business Essentials 8' x 8' x 5' Corrugated Mailers  12-Pack;48.34;41.09;Rebajado;638000000;Office|Shipping & Moving|Moving Boxes & Kits|Packing & Shipping Boxes;TRUE;374
66307d51994862713b27fcf2fcde5ddc;22/03/2019 17:54;Business Essentials 8' x 8' x 5' Corrugated Mailers  12-Pack;36.92;31.38;Rebajado;638000000;Office|Shipping & Moving|Moving Boxes & Kits|Packing & Shipping Boxes;FALSE;65
8c477b25d5fbb70544b54ddea0a990c1;22/03/2019 17:54;Business Essentials 8' x 8' x 5' Corrugated Mailers  12-Pack;32.02;27.22;Rebajado;638000000;Office|Shipping & Moving|Moving Boxes & Kits|Packing & Shipping Boxes;TRUE;357
2f0336e9aa798b452cc3d4e71ae91d2b;22/03/2019 17:54;Business Essentials 8' x 8' x 5' Corrugated Mailers  12-Pack;29.59;25.15;Rebajado;638000000;Office|Shipping & Moving|Moving Boxes & Kits|Packing & Shipping Boxes;TRUE;438
f8d756e9f382be95b922c0a0e3e68121;22/03/2019 17:54;Business Essentials 8' x 8' x 5' Corrugated Mailers  12-Pack;29.54;25.11;Rebajado;638000000;Office|Shipping & Moving|Moving Boxes & Kits|Packing & Shipping Boxes;FALSE;128
91012dda044cb80365150a2205a5fb76;22/03/2019 17:54;Business Essentials 8' x 8' x 5' Corrugated Mailers  12-Pack;37.49;31.87;Rebajado;638000000;Office|Shipping & Moving|Moving Boxes & Kits|Packing & Shipping Boxes;FALSE;83
9266a31e5f68b253b0b0eb01318c7c22;22/03/2019 17:54;Business Essentials 8' x 8' x 5' Corrugated Mailers  12-Pack;26.68;22.68;Rebajado;638000000;Office|Shipping & Moving|Moving Boxes & Kits|Packing & Shipping Boxes;TRUE;325
a013af17fa3b94b59e10a328f90462ce;22/03/2019 17:54;Business Essentials 8' x 8' x 5' Corrugated Mailers  12-Pack;26.66;22.66;Rebajado;638000000;Office|Shipping & Moving|Moving Boxes & Kits|Packing & Shipping Boxes;FALSE;53
9a9e15e244ed386610a7ac3f45f72754;22/03/2019 17:54;Business Essentials 8' x 8' x 5' Corrugated Mailers  12-Pack;21.74;18.48;Rebajado;638000000;Office|Shipping & Moving|Moving Boxes & Kits|Packing & Shipping Boxes;TRUE;315
0ff3dd8a0b3fef8da7a31577683f3dfb;22/03/2019 17:54;Business Essentials 8' x 8' x 5' Corrugated Mailers  12-Pack;33.84;28.76;Rebajado;638000000;Office|Shipping & Moving|Moving Boxes & Kits|Packing & Shipping Boxes;TRUE;496
792c85890566c4b7fe24db11098814f2;22/03/2019 17:54;Business Essentials 8' x 8' x 5' Corrugated Mailers  12-Pack;21.4;18.19;Rebajado;638000000;Office|Shipping & Moving|Moving Boxes & Kits|Packing & Shipping Boxes;TRUE;415
d02257e1559a02864f52853be9725d20;22/03/2019 17:54;Business Essentials 8' x 8' x 5' Corrugated Mailers  12-Pack;43.43;36.92;Rebajado;638000000;Office|Shipping & Moving|Moving Boxes & Kits|Packing & Shipping Boxes;TRUE;372
517f4d7870158fafe97d431375f288d3;22/03/2019 17:54;Business Essentials 8' x 8' x 5' Corrugated Mailers  12-Pack;50.28;42.74;Rebajado;638000000;Office|Shipping & Moving|Moving Boxes & Kits|Packing & Shipping Boxes;TRUE;364
bfbca234fb59f7e245eee7c644b71089;22/03/2019 17:54;Business Essentials 8' x 8' x 5' Corrugated Mailers  12-Pack;23.33;19.83;Rebajado;638000000;Office|Shipping & Moving|Moving Boxes & Kits|Packing & Shipping Boxes;TRUE;379
2338b104dc916ae38a7dfb8fa73f4c2a;22/03/2019 17:54;Business Essentials 8' x 8' x 5' Corrugated Mailers  12-Pack;67.73;57.57;Rebajado;638000000;Office|Shipping & Moving|Moving Boxes & Kits|Packing & Shipping Boxes;FALSE;95
b9e1b4dc5fa24d97546e60d180f3d09e;22/03/2019 17:54;Business Essentials 8' x 8' x 5' Corrugated Mailers  12-Pack;8.72;7.41;Rebajado;638000000;Office|Shipping & Moving|Moving Boxes & Kits|Packing & Shipping Boxes;TRUE;212
eed975b84773a59dde834f6b4c685cb2;22/03/2019 17:54;Business Essentials 8' x 8' x 5' Corrugated Mailers  12-Pack;26.59;22.6;Rebajado;638000000;Office|Shipping & Moving|Moving Boxes & Kits|Packing & Shipping Boxes;FALSE;50
4e2e8588ea79313a1115269b10cc2524;22/03/2019 17:54;Business Essentials 8' x 8' x 5' Corrugated Mailers  12-Pack;44.17;37.54;Rebajado;638000000;Office|Shipping & Moving|Moving Boxes & Kits|Packing & Shipping Boxes;FALSE;135
3584e95016a4f824b45950e77eb1449e;22/03/2019 17:54;Business Essentials 8' x 8' x 5' Corrugated Mailers  12-Pack;48.04;40.83;Rebajado;638000000;Office|Shipping & Moving|Moving Boxes & Kits|Packing & Shipping Boxes;FALSE;363
d64c9e733eb323bc41f6f5e209af7fc9;22/03/2019 17:54;Business Essentials 8' x 8' x 5' Corrugated Mailers  12-Pack;30.17;25.64;Rebajado;638000000;Office|Shipping & Moving|Moving Boxes & Kits|Packing & Shipping Boxes;TRUE;435
2acee83fc34de52a681cd46eeb0cc986;22/03/2019 17:54;Business Essentials 8' x 8' x 5' Corrugated Mailers  12-Pack;53.71;45.65;Rebajado;638000000;Office|Shipping & Moving|Moving Boxes & Kits|Packing & Shipping Boxes;FALSE;493
5e80490e7f4a0fa96e309011da6c5901;22/03/2019 17:54;Business Essentials 8' x 8' x 5' Corrugated Mailers  12-Pack;44.63;37.94;Rebajado;638000000;Office|Shipping & Moving|Moving Boxes & Kits|Packing & Shipping Boxes;TRUE;348
05f38884048de2fa7c911a04ddfa84fd;22/03/2019 17:54;Business Essentials 8' x 8' x 5' Corrugated Mailers  12-Pack;61.86;52.58;Rebajado;638000000;Office|Shipping & Moving|Moving Boxes & Kits|Packing & Shipping Boxes;FALSE;413
e4310138f56ce7331e6bea2f37014364;22/03/2019 17:54;Business Essentials 8' x 8' x 5' Corrugated Mailers  12-Pack;75.91;64.52;Rebajado;638000000;Office|Shipping & Moving|Moving Boxes & Kits|Packing & Shipping Boxes;FALSE;463
565f2c9f94b4580ad232502c3bbe3a3b;22/03/2019 17:54;Business Essentials 8' x 8' x 5' Corrugated Mailers  12-Pack;40.66;34.56;Rebajado;638000000;Office|Shipping & Moving|Moving Boxes & Kits|Packing & Shipping Boxes;FALSE;292
3092c307f1a09eea79b6219a967bb5e7;22/03/2019 17:54;Business Essentials 8' x 8' x 5' Corrugated Mailers  12-Pack;46.21;39.28;Rebajado;638000000;Office|Shipping & Moving|Moving Boxes & Kits|Packing & Shipping Boxes;TRUE;266
ed9b8020e33ee203dc817e641ad3969c;22/03/2019 17:54;Business Essentials 8' x 8' x 5' Corrugated Mailers  12-Pack;33.58;28.54;Rebajado;638000000;Office|Shipping & Moving|Moving Boxes & Kits|Packing & Shipping Boxes;TRUE;171
72d8fcf958cc4fd1b750077cdc4f4a2f;22/03/2019 17:54;Business Essentials 8' x 8' x 5' Corrugated Mailers  12-Pack;26.65;22.65;Rebajado;638000000;Office|Shipping & Moving|Moving Boxes & Kits|Packing & Shipping Boxes;TRUE;210
ab81a9005e661f3029acd83f982626ba;22/03/2019 17:54;Business Essentials 8' x 8' x 5' Corrugated Mailers  12-Pack;28.01;23.81;Rebajado;638000000;Office|Shipping & Moving|Moving Boxes & Kits|Packing & Shipping Boxes;FALSE;324
b606a4e070746d49295b7cb08120ff1d;22/03/2019 17:54;Business Essentials 8' x 8' x 5' Corrugated Mailers  12-Pack;33.85;28.77;Rebajado;638000000;Office|Shipping & Moving|Moving Boxes & Kits|Packing & Shipping Boxes;FALSE;492
6ffba69031e5f041918f9310dd6d9da9;22/03/2019 17:54;Business Essentials 8' x 8' x 5' Corrugated Mailers  12-Pack;42.98;36.53;Rebajado;638000000;Office|Shipping & Moving|Moving Boxes & Kits|Packing & Shipping Boxes;TRUE;336
d6a4e118890deb83a25c12e838db2b24;22/03/2019 17:54;Business Essentials 8' x 8' x 5' Corrugated Mailers  12-Pack;41.5;35.28;Rebajado;638000000;Office|Shipping & Moving|Moving Boxes & Kits|Packing & Shipping Boxes;FALSE;371
01119df5ca88fe792322b55db9e60896;22/03/2019 17:54;Business Essentials 8' x 8' x 5' Corrugated Mailers  12-Pack;21.32;18.12;Rebajado;638000000;Office|Shipping & Moving|Moving Boxes & Kits|Packing & Shipping Boxes;FALSE;457
4756661d9b02e2bbc453f9d81459f077;22/03/2019 17:54;Business Essentials 8' x 8' x 5' Corrugated Mailers  12-Pack;21.4;18.19;Rebajado;638000000;Office|Shipping & Moving|Moving Boxes & Kits|Packing & Shipping Boxes;TRUE;17
23de5c4a71a192183c45809bf8f704d7;22/03/2019 17:54;Business Essentials 8' x 8' x 5' Corrugated Mailers  12-Pack;75.97;64.57;Rebajado;638000000;Office|Shipping & Moving|Moving Boxes & Kits|Packing & Shipping Boxes;FALSE;490
bdd67998892b2e40aef05dbdc8065536;22/03/2019 17:54;Business Essentials 8' x 8' x 5' Corrugated Mailers  12-Pack;35.66;30.31;Rebajado;638000000;Office|Shipping & Moving|Moving Boxes & Kits|Packing & Shipping Boxes;TRUE;394
f79c19aa3e319156218d75d15fdd5d93;22/03/2019 17:54;Business Essentials 8' x 8' x 5' Corrugated Mailers  12-Pack;56.08;47.67;Rebajado;638000000;Office|Shipping & Moving|Moving Boxes & Kits|Packing & Shipping Boxes;FALSE;195
8b72c388a4aa746db8664a08624ee8a9;22/03/2019 17:54;Business Essentials 8' x 8' x 5' Corrugated Mailers  12-Pack;126.7;107.7;Rebajado;638000000;Office|Shipping & Moving|Moving Boxes & Kits|Packing & Shipping Boxes;FALSE;255
a8c88120dfa51a5fd0594a2aaaca0c06;22/03/2019 17:54;Business Essentials 8' x 8' x 5' Corrugated Mailers  12-Pack;44.89;38.16;Rebajado;638000000;Office|Shipping & Moving|Moving Boxes & Kits|Packing & Shipping Boxes;TRUE;326
33b2fe891fe32e17592f59119769cdc5;22/03/2019 17:54;Business Essentials 8' x 8' x 5' Corrugated Mailers  12-Pack;43.32;36.82;Rebajado;638000000;Office|Shipping & Moving|Moving Boxes & Kits|Packing & Shipping Boxes;TRUE;95
2fc0d9d7f148a795b0798ada91e7e998;22/03/2019 17:54;Business Essentials 8' x 8' x 5' Corrugated Mailers  12-Pack;32.28;27.44;Rebajado;638000000;Office|Shipping & Moving|Moving Boxes & Kits|Packing & Shipping Boxes;TRUE;291
0e5fb52e87e88b884194c7d616c414bc;22/03/2019 17:54;Business Essentials 8' x 8' x 5' Corrugated Mailers  12-Pack;58.19;49.46;Rebajado;638000000;Office|Shipping & Moving|Moving Boxes & Kits|Packing & Shipping Boxes;FALSE;369
a77cf1d59cd0df6f1d1916d650843558;22/03/2019 17:54;Business Essentials 8' x 8' x 5' Corrugated Mailers  12-Pack;27.46;23.34;Rebajado;638000000;Office|Shipping & Moving|Moving Boxes & Kits|Packing & Shipping Boxes;TRUE;336
54525fea07d0f66703abc5509f8ac37f;22/03/2019 17:54;Business Essentials 8' x 8' x 5' Corrugated Mailers  12-Pack;32.66;27.76;Rebajado;638000000;Office|Shipping & Moving|Moving Boxes & Kits|Packing & Shipping Boxes;TRUE;134
0e6995c0bce8d5e510404a495c465cb4;22/03/2019 17:54;Business Essentials 8' x 8' x 5' Corrugated Mailers  12-Pack;40.63;34.54;Rebajado;638000000;Office|Shipping & Moving|Moving Boxes & Kits|Packing & Shipping Boxes;FALSE;162
e94fae70db244140def6022575cc001e;22/03/2019 17:54;Business Essentials 8' x 8' x 5' Corrugated Mailers  12-Pack;90.97;77.32;Rebajado;638000000;Office|Shipping & Moving|Moving Boxes & Kits|Packing & Shipping Boxes;FALSE;347
7c31f8ca29d5932a561d5e3f52d2e9ed;22/03/2019 17:54;Business Essentials 8' x 8' x 5' Corrugated Mailers  12-Pack;51.38;43.67;Rebajado;638000000;Office|Shipping & Moving|Moving Boxes & Kits|Packing & Shipping Boxes;TRUE;329
352eec3eb0f9a4477710f2df9a6afa79;22/03/2019 17:54;Business Essentials 8' x 8' x 5' Corrugated Mailers  12-Pack;42.86;36.43;Rebajado;638000000;Office|Shipping & Moving|Moving Boxes & Kits|Packing & Shipping Boxes;FALSE;219
94c36e8f317e99d08398f09f30c57ca3;22/03/2019 17:54;Business Essentials 8' x 8' x 5' Corrugated Mailers  12-Pack;77.51;65.88;Rebajado;638000000;Office|Shipping & Moving|Moving Boxes & Kits|Packing & Shipping Boxes;FALSE;251
0c17477cd95d073fbf34732d450b71d2;22/03/2019 17:54;Business Essentials 8' x 8' x 5' Corrugated Mailers  12-Pack;44.62;37.93;Rebajado;638000000;Office|Shipping & Moving|Moving Boxes & Kits|Packing & Shipping Boxes;TRUE;311
5a10d182ce7af4628a76ef435ec9c313;22/03/2019 17:54;Business Essentials 8' x 8' x 5' Corrugated Mailers  12-Pack;39.68;33.73;Rebajado;638000000;Office|Shipping & Moving|Moving Boxes & Kits|Packing & Shipping Boxes;FALSE;146
66fe0750baeba0c017d0b8e6999215ba;22/03/2019 17:54;Business Essentials 8' x 8' x 5' Corrugated Mailers  12-Pack;28.15;23.93;Rebajado;638000000;Office|Shipping & Moving|Moving Boxes & Kits|Packing & Shipping Boxes;TRUE;229
d693349204bf239297be81c5cf012949;22/03/2019 17:54;Business Essentials 8' x 8' x 5' Corrugated Mailers  12-Pack;34.57;29.38;Rebajado;638000000;Office|Shipping & Moving|Moving Boxes & Kits|Packing & Shipping Boxes;FALSE;144
509718f5a6701b097649af11ac7c4e7d;22/03/2019 17:54;Business Essentials 8' x 8' x 5' Corrugated Mailers  12-Pack;44.22;37.59;Rebajado;638000000;Office|Shipping & Moving|Moving Boxes & Kits|Packing & Shipping Boxes;FALSE;56
